Score,Score_Mean,Score_Median,Score_Mode
,85.55555555555556,87.0,80.0
90.0,90.0,90.0,90.0
80.0,80.0,80.0,80.0
85.0,85.0,85.0,85.0
,85.55555555555556,87.0,80.0
88.0,88.0,88.0,88.0
92.0,92.0,92.0,92.0
,85.55555555555556,87.0,80.0
87.0,87.0,87.0,87.0
90.0,90.0,90.0,90.0
80.0,80.0,80.0,80.0
78.0,78.0,78.0,78.0
